Name,Distance,NumRuns2k,NumRuns5k,NumRuns10k,TotalElevation,AveragePace,AvgElPerRun,GroupPace
George,22.838,5,2,0,144.1,6:7,28.82,0
Rhys,57.710300000000004,8,6,1,306.09999999999997,5:14,38.262499999999996,0
Charlie,31.3895,5,5,0,389.9,5:54,77.97999999999999,0
Matthew,44.585,7,6,0,384.8,5:29,54.971428571428575,0
Finch,30.5901,3,3,2,47.5,4:57,9.5,0
